reset master;
create table t1(a int primary key, b char(8)) engine=innodb;
set session debug="+d,simulate_before_commit_error";
set session debug="+d,become_group_leader";
insert into t1 values (1, 'a');;
set session debug="+d,become_group_follower";
insert into t1 values (2, 'b');;
ERROR HY000: Got error 1 during COMMIT
ERROR HY000: Got error 1 during COMMIT
select * from t1;
a	b
insert into t1 values(1, 'a');
insert into t1 values(2, 'b');
select * from t1;
a	b
1	a
2	b
include/show_binlog_events.inc
Log_name	Pos	Event_type	Server_id	End_log_pos	Info
master-bin.000001	#	Query	#	#	use `test`; create table t1(a int primary key, b char(8)) engine=innodb
master-bin.000001	#	Query	#	#	BEGIN
master-bin.000001	#	Table_map	#	#	table_id: # (test.t1)
master-bin.000001	#	Write_rows	#	#	table_id: # flags: STMT_END_F
master-bin.000001	#	Xid	#	#	COMMIT /* XID */
master-bin.000001	#	Query	#	#	BEGIN
master-bin.000001	#	Table_map	#	#	table_id: # (test.t1)
master-bin.000001	#	Write_rows	#	#	table_id: # flags: STMT_END_F
master-bin.000001	#	Xid	#	#	COMMIT /* XID */
master-bin.000001	#	Query	#	#	BEGIN
master-bin.000001	#	Table_map	#	#	table_id: # (test.t1)
master-bin.000001	#	Write_rows	#	#	table_id: # flags: STMT_END_F
master-bin.000001	#	Xid	#	#	COMMIT /* XID */
master-bin.000001	#	Query	#	#	BEGIN
master-bin.000001	#	Table_map	#	#	table_id: # (test.t1)
master-bin.000001	#	Write_rows	#	#	table_id: # flags: STMT_END_F
master-bin.000001	#	Xid	#	#	COMMIT /* XID */
drop table t1;
