DROP TABLE IF EXISTS tbl1;
DROP TABLE IF EXISTS tbl2;
DROP TABLE IF EXISTS tbl3;
DROP DATABASE IF EXISTS cus_test;
CREATE DATABASE cus_test;
USE cus_test;
CREATE TABLE tbl1 (
col1_1 INT(6) UNSIGNED AUTO_INCREMENT PRIMARY KEY,
col1_2 INT(6) NOT NULL,
col1_3 INT(6) NOT NULL,
col1_4 INT(6) NOT NULL);
INSERT INTO tbl1 (col1_2, col1_3, col1_4) VALUES (2, 3, 4);
INSERT INTO tbl1 (col1_2, col1_3, col1_4) VALUES (3, 4, 5);
INSERT INTO tbl1 (col1_2, col1_3, col1_4) VALUES (4, 5, 6);
CREATE TABLE tbl2 (col2_1 INT(6) NOT NULL, col2_2 INT(6) NOT NULL);
INSERT INTO tbl2 (col2_1, col2_2) VALUES (2, 3);
CREATE TABLE tbl3 (
col1_1 INT(6) UNSIGNED AUTO_INCREMENT PRIMARY KEY,
col1_2 INT(6) NOT NULL,
col3_3 INT(6) NOT NULL);
INSERT INTO tbl3 (col1_2, col3_3) VALUES (2, 83);
INSERT INTO tbl3 (col1_2, col3_3) VALUES (3, 84);
INSERT INTO tbl3 (col1_2, col3_3) VALUES (4, 85);
set global column_stats_control = ON;
set global sql_stats_control = ON;
SELECT col1_1, col2_2 FROM tbl1 INNER JOIN tbl2 ON col1_2 = col2_2 WHERE col1_1 IN (1, 2, 3);
col1_1	col2_2
2	3
SELECT * FROM tbl1 NATURAL JOIN tbl3;
col1_1	col1_2	col1_3	col1_4	col3_3
1	2	3	4	83
2	3	4	5	84
3	4	5	6	85
SELECT col1_1, col2_2 FROM tbl1 STRAIGHT_JOIN tbl2 ON col1_2 = col2_2;
col1_1	col2_2
2	3
SELECT * FROM tbl1 JOIN tbl3 USING (col1_2);
col1_2	col1_1	col1_3	col1_4	col1_1	col3_3
2	1	3	4	1	83
3	2	4	5	2	84
4	3	5	6	3	85
SELECT tbl1.col1_1, tbl2.col2_2 FROM tbl1, tbl2 WHERE tbl1.col1_2 IN (1, 2, 3);
col1_1	col2_2
1	3
2	3
SELECT tbl1.col1_1, tbl2.col2_2 FROM tbl1 JOIN tbl2 ON tbl1.col1_2 = col2_2 WHERE tbl1.col1_2 IN (1, 2, 3);
col1_1	col2_2
2	3
SELECT tbl1.col1_1, tbl2.col2_2 FROM tbl1 JOIN tbl2 ON tbl1.col1_2 > col2_2;
col1_1	col2_2
3	3
SELECT * FROM (tbl1, tbl2) JOIN tbl3 ON (tbl1.col1_1 = tbl3.col1_1);
col1_1	col1_2	col1_3	col1_4	col2_1	col2_2	col1_1	col1_2	col3_3
1	2	3	4	2	3	1	2	83
2	3	4	5	2	3	2	3	84
3	4	5	6	2	3	3	4	85
SELECT tbl1.col1_1, col2_2 FROM tbl1, (SELECT * FROM tbl2 WHERE col2_2 = 3) t2 WHERE col2_1 = 2 AND col1_2 > 0;
col1_1	col2_2
1	3
2	3
3	3
SELECT tbl1.col1_1, t.col2_2 FROM tbl1 INNER JOIN (SELECT col2_1, col2_2 FROM tbl2 WHERE col2_1 > 0) t ON col1_2 = col2_2
WHERE tbl1.col1_2 IN (1,2,3) AND t.col2_2 <> 0;
col1_1	col2_2
2	3
SELECT t1.col1_1, t2.col2_2 AS c2 FROM tbl1 t1 JOIN tbl2 t2 ON t1.col1_2 > col2_2;
col1_1	c2
3	3
SELECT t1.col1_1, t2.col1_2 FROM tbl1 t1, tbl1 t2
WHERE t1.col1_1 = t2.col1_1 AND t1.col1_2 > 10 AND t2.col1_2 > 5;
col1_1	col1_2
SELECT t1.col1_1, t2.col1_2 FROM tbl1 t1, tbl1 t2
WHERE t1.col1_1 = t2.col1_1 AND t1.col1_2 > 10 AND t2.col1_2 <= 5;
col1_1	col1_2
SELECT COUNT(DISTINCT SQL_ID) FROM information_schema.COLUMN_STATISTICS cs
WHERE cs.TABLE_SCHEMA <> 'information_schema';
COUNT(DISTINCT SQL_ID)
13
SELECT cs.SQL_ID, SQL_TEXT, TABLE_SCHEMA, TABLE_NAME, COLUMN_NAME, SQL_OPERATION, OPERATOR_TYPE
FROM information_schema.COLUMN_STATISTICS cs, information_schema.SQL_TEXT st
WHERE cs.TABLE_SCHEMA <> 'information_schema' AND cs.SQL_ID = st.SQL_ID
ORDER BY cs.SQL_ID, SQL_TEXT, TABLE_SCHEMA, TABLE_NAME, COLUMN_NAME, SQL_OPERATION, OPERATOR_TYPE;
SQL_ID	08217a8342df9fa78a1757ae7791f820
SQL_TEXT	SELECT `t1` . `col1_1` , `t2` . `col1_2` FROM `tbl1` `t1` , `tbl1` `t2` WHERE `t1` . `col1_1` = `t2` . `col1_1` AND `t1` . `col1_2` > ? AND `t2` . `col1_2` > ? 
TABLE_SCHEMA	cus_test
TABLE_NAME	tbl1
COLUMN_NAME	col1_1
SQL_OPERATION	TABLE_JOIN
OPERATOR_TYPE	EQUAL
SQL_ID	08217a8342df9fa78a1757ae7791f820
SQL_TEXT	SELECT `t1` . `col1_1` , `t2` . `col1_2` FROM `tbl1` `t1` , `tbl1` `t2` WHERE `t1` . `col1_1` = `t2` . `col1_1` AND `t1` . `col1_2` > ? AND `t2` . `col1_2` > ? 
TABLE_SCHEMA	cus_test
TABLE_NAME	tbl1
COLUMN_NAME	col1_1
SQL_OPERATION	TABLE_JOIN
OPERATOR_TYPE	EQUAL
SQL_ID	08217a8342df9fa78a1757ae7791f820
SQL_TEXT	SELECT `t1` . `col1_1` , `t2` . `col1_2` FROM `tbl1` `t1` , `tbl1` `t2` WHERE `t1` . `col1_1` = `t2` . `col1_1` AND `t1` . `col1_2` > ? AND `t2` . `col1_2` > ? 
TABLE_SCHEMA	cus_test
TABLE_NAME	tbl1
COLUMN_NAME	col1_2
SQL_OPERATION	FILTER
OPERATOR_TYPE	GREATER_THAN
SQL_ID	08217a8342df9fa78a1757ae7791f820
SQL_TEXT	SELECT `t1` . `col1_1` , `t2` . `col1_2` FROM `tbl1` `t1` , `tbl1` `t2` WHERE `t1` . `col1_1` = `t2` . `col1_1` AND `t1` . `col1_2` > ? AND `t2` . `col1_2` > ? 
TABLE_SCHEMA	cus_test
TABLE_NAME	tbl1
COLUMN_NAME	col1_2
SQL_OPERATION	FILTER
OPERATOR_TYPE	GREATER_THAN
SQL_ID	11d4adeabcc218f2619deebbaf6188b8
SQL_TEXT	SELECT `tbl1` . `col1_1` , `tbl2` . `col2_2` FROM `tbl1` JOIN `tbl2` ON `tbl1` . `col1_2` = `col2_2` WHERE `tbl1` . `col1_2` IN (...) 
TABLE_SCHEMA	cus_test
TABLE_NAME	tbl1
COLUMN_NAME	col1_2
SQL_OPERATION	FILTER
OPERATOR_TYPE	SET_MEMBERSHIP
SQL_ID	11d4adeabcc218f2619deebbaf6188b8
SQL_TEXT	SELECT `tbl1` . `col1_1` , `tbl2` . `col2_2` FROM `tbl1` JOIN `tbl2` ON `tbl1` . `col1_2` = `col2_2` WHERE `tbl1` . `col1_2` IN (...) 
TABLE_SCHEMA	cus_test
TABLE_NAME	tbl1
COLUMN_NAME	col1_2
SQL_OPERATION	TABLE_JOIN
OPERATOR_TYPE	EQUAL
SQL_ID	11d4adeabcc218f2619deebbaf6188b8
SQL_TEXT	SELECT `tbl1` . `col1_1` , `tbl2` . `col2_2` FROM `tbl1` JOIN `tbl2` ON `tbl1` . `col1_2` = `col2_2` WHERE `tbl1` . `col1_2` IN (...) 
TABLE_SCHEMA	cus_test
TABLE_NAME	tbl2
COLUMN_NAME	col2_2
SQL_OPERATION	TABLE_JOIN
OPERATOR_TYPE	EQUAL
SQL_ID	1ce621e769113332d3aa499ed01f74ed
SQL_TEXT	SELECT `tbl1` . `col1_1` , `tbl2` . `col2_2` FROM `tbl1` , `tbl2` WHERE `tbl1` . `col1_2` IN (...) 
TABLE_SCHEMA	cus_test
TABLE_NAME	tbl1
COLUMN_NAME	col1_2
SQL_OPERATION	FILTER
OPERATOR_TYPE	SET_MEMBERSHIP
SQL_ID	6c2915f25e4b994b79d7c0aede2042ec
SQL_TEXT	SELECT `t1` . `col1_1` , `t2` . `col1_2` FROM `tbl1` `t1` , `tbl1` `t2` WHERE `t1` . `col1_1` = `t2` . `col1_1` AND `t1` . `col1_2` > ? AND `t2` . `col1_2` <= ? 
TABLE_SCHEMA	cus_test
TABLE_NAME	tbl1
COLUMN_NAME	col1_1
SQL_OPERATION	TABLE_JOIN
OPERATOR_TYPE	EQUAL
SQL_ID	6c2915f25e4b994b79d7c0aede2042ec
SQL_TEXT	SELECT `t1` . `col1_1` , `t2` . `col1_2` FROM `tbl1` `t1` , `tbl1` `t2` WHERE `t1` . `col1_1` = `t2` . `col1_1` AND `t1` . `col1_2` > ? AND `t2` . `col1_2` <= ? 
TABLE_SCHEMA	cus_test
TABLE_NAME	tbl1
COLUMN_NAME	col1_1
SQL_OPERATION	TABLE_JOIN
OPERATOR_TYPE	EQUAL
SQL_ID	6c2915f25e4b994b79d7c0aede2042ec
SQL_TEXT	SELECT `t1` . `col1_1` , `t2` . `col1_2` FROM `tbl1` `t1` , `tbl1` `t2` WHERE `t1` . `col1_1` = `t2` . `col1_1` AND `t1` . `col1_2` > ? AND `t2` . `col1_2` <= ? 
TABLE_SCHEMA	cus_test
TABLE_NAME	tbl1
COLUMN_NAME	col1_2
SQL_OPERATION	FILTER
OPERATOR_TYPE	GREATER_THAN
SQL_ID	6c2915f25e4b994b79d7c0aede2042ec
SQL_TEXT	SELECT `t1` . `col1_1` , `t2` . `col1_2` FROM `tbl1` `t1` , `tbl1` `t2` WHERE `t1` . `col1_1` = `t2` . `col1_1` AND `t1` . `col1_2` > ? AND `t2` . `col1_2` <= ? 
TABLE_SCHEMA	cus_test
TABLE_NAME	tbl1
COLUMN_NAME	col1_2
SQL_OPERATION	FILTER
OPERATOR_TYPE	LESS_THAN_EQUAL
SQL_ID	712e346aa4e80a161cab1804a49d2f06
SQL_TEXT	SELECT * FROM `tbl1` JOIN `tbl3` USING ( `col1_2` ) 
TABLE_SCHEMA	cus_test
TABLE_NAME	tbl1
COLUMN_NAME	col1_2
SQL_OPERATION	TABLE_JOIN
OPERATOR_TYPE	EQUAL
SQL_ID	712e346aa4e80a161cab1804a49d2f06
SQL_TEXT	SELECT * FROM `tbl1` JOIN `tbl3` USING ( `col1_2` ) 
TABLE_SCHEMA	cus_test
TABLE_NAME	tbl3
COLUMN_NAME	col1_2
SQL_OPERATION	TABLE_JOIN
OPERATOR_TYPE	EQUAL
SQL_ID	884beb5fd05fb87a1e9141d571c9912d
SQL_TEXT	SELECT * FROM ( `tbl1` , `tbl2` ) JOIN `tbl3` ON ( `tbl1` . `col1_1` = `tbl3` . `col1_1` ) 
TABLE_SCHEMA	cus_test
TABLE_NAME	tbl1
COLUMN_NAME	col1_1
SQL_OPERATION	TABLE_JOIN
OPERATOR_TYPE	EQUAL
SQL_ID	884beb5fd05fb87a1e9141d571c9912d
SQL_TEXT	SELECT * FROM ( `tbl1` , `tbl2` ) JOIN `tbl3` ON ( `tbl1` . `col1_1` = `tbl3` . `col1_1` ) 
TABLE_SCHEMA	cus_test
TABLE_NAME	tbl3
COLUMN_NAME	col1_1
SQL_OPERATION	TABLE_JOIN
OPERATOR_TYPE	EQUAL
SQL_ID	8a13912db511140ba4538eeb5aa22416
SQL_TEXT	SELECT `tbl1` . `col1_1` , `t` . `col2_2` FROM `tbl1` INNER JOIN ( SELECT `col2_1` , `col2_2` FROM `tbl2` WHERE `col2_1` > ? ) `t` ON `col1_2` = `col2_2` WHERE `tbl1` . `col1_2` IN (...) AND `t` . `col2_2` != ? 
TABLE_SCHEMA	cus_test
TABLE_NAME	tbl1
COLUMN_NAME	col1_2
SQL_OPERATION	FILTER
OPERATOR_TYPE	SET_MEMBERSHIP
SQL_ID	8a13912db511140ba4538eeb5aa22416
SQL_TEXT	SELECT `tbl1` . `col1_1` , `t` . `col2_2` FROM `tbl1` INNER JOIN ( SELECT `col2_1` , `col2_2` FROM `tbl2` WHERE `col2_1` > ? ) `t` ON `col1_2` = `col2_2` WHERE `tbl1` . `col1_2` IN (...) AND `t` . `col2_2` != ? 
TABLE_SCHEMA	cus_test
TABLE_NAME	tbl1
COLUMN_NAME	col1_2
SQL_OPERATION	TABLE_JOIN
OPERATOR_TYPE	EQUAL
SQL_ID	8a13912db511140ba4538eeb5aa22416
SQL_TEXT	SELECT `tbl1` . `col1_1` , `t` . `col2_2` FROM `tbl1` INNER JOIN ( SELECT `col2_1` , `col2_2` FROM `tbl2` WHERE `col2_1` > ? ) `t` ON `col1_2` = `col2_2` WHERE `tbl1` . `col1_2` IN (...) AND `t` . `col2_2` != ? 
TABLE_SCHEMA	cus_test
TABLE_NAME	tbl2
COLUMN_NAME	col2_1
SQL_OPERATION	FILTER
OPERATOR_TYPE	GREATER_THAN
SQL_ID	916fd3fc054aee76ed773b5217697a08
SQL_TEXT	SELECT `col1_1` , `col2_2` FROM `tbl1` STRAIGHT_JOIN `tbl2` ON `col1_2` = `col2_2` 
TABLE_SCHEMA	cus_test
TABLE_NAME	tbl1
COLUMN_NAME	col1_2
SQL_OPERATION	TABLE_JOIN
OPERATOR_TYPE	EQUAL
SQL_ID	916fd3fc054aee76ed773b5217697a08
SQL_TEXT	SELECT `col1_1` , `col2_2` FROM `tbl1` STRAIGHT_JOIN `tbl2` ON `col1_2` = `col2_2` 
TABLE_SCHEMA	cus_test
TABLE_NAME	tbl2
COLUMN_NAME	col2_2
SQL_OPERATION	TABLE_JOIN
OPERATOR_TYPE	EQUAL
SQL_ID	95d731d4b5da34b0ca773fed5e005145
SQL_TEXT	SELECT `t1` . `col1_1` , `t2` . `col2_2` AS `c2` FROM `tbl1` `t1` JOIN `tbl2` `t2` ON `t1` . `col1_2` > `col2_2` 
TABLE_SCHEMA	cus_test
TABLE_NAME	tbl1
COLUMN_NAME	col1_2
SQL_OPERATION	TABLE_JOIN
OPERATOR_TYPE	GREATER_THAN
SQL_ID	95d731d4b5da34b0ca773fed5e005145
SQL_TEXT	SELECT `t1` . `col1_1` , `t2` . `col2_2` AS `c2` FROM `tbl1` `t1` JOIN `tbl2` `t2` ON `t1` . `col1_2` > `col2_2` 
TABLE_SCHEMA	cus_test
TABLE_NAME	tbl2
COLUMN_NAME	col2_2
SQL_OPERATION	TABLE_JOIN
OPERATOR_TYPE	GREATER_THAN
SQL_ID	a74086769193cbaf04188dd80e9dad1f
SQL_TEXT	SELECT `col1_1` , `col2_2` FROM `tbl1` INNER JOIN `tbl2` ON `col1_2` = `col2_2` WHERE `col1_1` IN (...) 
TABLE_SCHEMA	cus_test
TABLE_NAME	tbl1
COLUMN_NAME	col1_1
SQL_OPERATION	FILTER
OPERATOR_TYPE	SET_MEMBERSHIP
SQL_ID	a74086769193cbaf04188dd80e9dad1f
SQL_TEXT	SELECT `col1_1` , `col2_2` FROM `tbl1` INNER JOIN `tbl2` ON `col1_2` = `col2_2` WHERE `col1_1` IN (...) 
TABLE_SCHEMA	cus_test
TABLE_NAME	tbl1
COLUMN_NAME	col1_2
SQL_OPERATION	TABLE_JOIN
OPERATOR_TYPE	EQUAL
SQL_ID	a74086769193cbaf04188dd80e9dad1f
SQL_TEXT	SELECT `col1_1` , `col2_2` FROM `tbl1` INNER JOIN `tbl2` ON `col1_2` = `col2_2` WHERE `col1_1` IN (...) 
TABLE_SCHEMA	cus_test
TABLE_NAME	tbl2
COLUMN_NAME	col2_2
SQL_OPERATION	TABLE_JOIN
OPERATOR_TYPE	EQUAL
SQL_ID	a90849fd16c9ad5637fbb03773e1f11e
SQL_TEXT	SELECT `tbl1` . `col1_1` , `tbl2` . `col2_2` FROM `tbl1` JOIN `tbl2` ON `tbl1` . `col1_2` > `col2_2` 
TABLE_SCHEMA	cus_test
TABLE_NAME	tbl1
COLUMN_NAME	col1_2
SQL_OPERATION	TABLE_JOIN
OPERATOR_TYPE	GREATER_THAN
SQL_ID	a90849fd16c9ad5637fbb03773e1f11e
SQL_TEXT	SELECT `tbl1` . `col1_1` , `tbl2` . `col2_2` FROM `tbl1` JOIN `tbl2` ON `tbl1` . `col1_2` > `col2_2` 
TABLE_SCHEMA	cus_test
TABLE_NAME	tbl2
COLUMN_NAME	col2_2
SQL_OPERATION	TABLE_JOIN
OPERATOR_TYPE	GREATER_THAN
SQL_ID	e41302359b4619ea56a3bbcf10b327f7
SQL_TEXT	SELECT * FROM `tbl1` NATURAL JOIN `tbl3` 
TABLE_SCHEMA	cus_test
TABLE_NAME	tbl1
COLUMN_NAME	col1_1
SQL_OPERATION	TABLE_JOIN
OPERATOR_TYPE	EQUAL
SQL_ID	e41302359b4619ea56a3bbcf10b327f7
SQL_TEXT	SELECT * FROM `tbl1` NATURAL JOIN `tbl3` 
TABLE_SCHEMA	cus_test
TABLE_NAME	tbl1
COLUMN_NAME	col1_2
SQL_OPERATION	TABLE_JOIN
OPERATOR_TYPE	EQUAL
SQL_ID	e41302359b4619ea56a3bbcf10b327f7
SQL_TEXT	SELECT * FROM `tbl1` NATURAL JOIN `tbl3` 
TABLE_SCHEMA	cus_test
TABLE_NAME	tbl3
COLUMN_NAME	col1_1
SQL_OPERATION	TABLE_JOIN
OPERATOR_TYPE	EQUAL
SQL_ID	e41302359b4619ea56a3bbcf10b327f7
SQL_TEXT	SELECT * FROM `tbl1` NATURAL JOIN `tbl3` 
TABLE_SCHEMA	cus_test
TABLE_NAME	tbl3
COLUMN_NAME	col1_2
SQL_OPERATION	TABLE_JOIN
OPERATOR_TYPE	EQUAL
SQL_ID	e8b6d080be7e0c4e6c1d282c03e37354
SQL_TEXT	SELECT `tbl1` . `col1_1` , `col2_2` FROM `tbl1` , ( SELECT * FROM `tbl2` WHERE `col2_2` = ? ) `t2` WHERE `col2_1` = ? AND `col1_2` > ? 
TABLE_SCHEMA	cus_test
TABLE_NAME	tbl1
COLUMN_NAME	col1_2
SQL_OPERATION	FILTER
OPERATOR_TYPE	GREATER_THAN
SQL_ID	e8b6d080be7e0c4e6c1d282c03e37354
SQL_TEXT	SELECT `tbl1` . `col1_1` , `col2_2` FROM `tbl1` , ( SELECT * FROM `tbl2` WHERE `col2_2` = ? ) `t2` WHERE `col2_1` = ? AND `col1_2` > ? 
TABLE_SCHEMA	cus_test
TABLE_NAME	tbl2
COLUMN_NAME	col2_2
SQL_OPERATION	FILTER
OPERATOR_TYPE	EQUAL
set global column_stats_control = OFF_HARD;
set global sql_stats_control = OFF_HARD;
DROP TABLE tbl1;
DROP TABLE tbl2;
DROP TABLE tbl3;
DROP DATABASE cus_test;
