DROP TABLE IF EXISTS tbl1;
DROP DATABASE IF EXISTS cus_test;
CREATE DATABASE cus_test;
USE cus_test;
CREATE TABLE tbl1 (
col1 INT(6) UNSIGNED AUTO_INCREMENT PRIMARY KEY,
col2 INT(6) NOT NULL,
col3 INT(6) NOT NULL,
col4 INT(6) NOT NULL
);
CREATE TABLE tbl2 LIKE tbl1;
INSERT INTO tbl1 (col2, col3, col4) VALUES (2,3,4);
INSERT INTO tbl1 (col2, col3, col4) VALUES (3,4,5);
INSERT INTO tbl1 (col2, col3, col4) VALUES (4,5,6);
SET GLOBAL column_stats_control = ON;
UPDATE tbl1 SET col3 = 1 WHERE col2 IN (3, 17, 12);
UPDATE tbl2 SET col3 = 1 WHERE col1 > 0 AND (col2 < 0 OR (col3 > 0 AND col4 < 0));
SELECT COUNT(DISTINCT SQL_ID) FROM information_schema.COLUMN_STATISTICS;
COUNT(DISTINCT SQL_ID)
2
SELECT SQL_ID, TABLE_SCHEMA, TABLE_NAME, COLUMN_NAME, SQL_OPERATION, OPERATOR_TYPE
FROM information_schema.COLUMN_STATISTICS;
SQL_ID	TABLE_SCHEMA	TABLE_NAME	COLUMN_NAME	SQL_OPERATION	OPERATOR_TYPE
49c30fdcb312d06ed72bfb4df258a5e7	cus_test	tbl2	col1	FILTER	GREATER_THAN
49c30fdcb312d06ed72bfb4df258a5e7	cus_test	tbl2	col2	FILTER	LESS_THAN
49c30fdcb312d06ed72bfb4df258a5e7	cus_test	tbl2	col3	FILTER	GREATER_THAN
49c30fdcb312d06ed72bfb4df258a5e7	cus_test	tbl2	col4	FILTER	LESS_THAN
d6a530ea3dfdefd8242ddd7b89c281e7	cus_test	tbl1	col2	FILTER	SET_MEMBERSHIP
set global column_stats_control = OFF_HARD;
DROP TABLE tbl1;
DROP TABLE tbl2;
DROP DATABASE cus_test;
