DROP TABLE IF EXISTS tbl1;
DROP TABLE IF EXISTS tbl2;
DROP TABLE IF EXISTS tbl3;
DROP DATABASE IF EXISTS cus_test;
CREATE DATABASE cus_test;
USE cus_test;
CREATE TABLE tbl1 (
col1_1 INT(6) UNSIGNED AUTO_INCREMENT PRIMARY KEY,
col1_2 INT(6) NOT NULL,
col1_3 INT(6) NOT NULL,
col1_4 INT(6) NOT NULL);
INSERT INTO tbl1 (col1_2, col1_3, col1_4) VALUES (2, 3, 4);
INSERT INTO tbl1 (col1_2, col1_3, col1_4) VALUES (3, 4, 5);
INSERT INTO tbl1 (col1_2, col1_3, col1_4) VALUES (4, 5, 6);
CREATE TABLE tbl2 (col2_1 INT(6) NOT NULL, col2_2 INT(6) NOT NULL);
INSERT INTO tbl2 (col2_1, col2_2) VALUES (2, 3);
CREATE TABLE tbl3 (
col1_1 INT(6) UNSIGNED AUTO_INCREMENT PRIMARY KEY,
col1_2 INT(6) NOT NULL,
col3_3 INT(6) NOT NULL);
INSERT INTO tbl3 (col1_2, col3_3) VALUES (2, 83);
INSERT INTO tbl3 (col1_2, col3_3) VALUES (3, 84);
INSERT INTO tbl3 (col1_2, col3_3) VALUES (4, 85);
set global column_stats_control = ON;
set global sql_stats_control = ON;
SELECT col1_1, col1_2 FROM tbl1 WHERE col1_2 IN (1, 4, 3) UNION
SELECT col2_1, col2_2 FROM tbl2 WHERE col2_1 > 4 AND col2_2 <= 5;
col1_1	col1_2
2	3
3	4
SELECT col1_1, col1_2 FROM tbl1 WHERE col1_2 IN (1, 4, 3) UNION
SELECT col2_1, col2_2 FROM tbl2 WHERE col2_1 > 4 AND col2_2 <= 5 LIMIT 1;
col1_1	col1_2
2	3
SELECT col1_1, col1_2 FROM tbl1 WHERE col1_2 IN (1, 4, 3) UNION ALL
SELECT col2_1, col2_2 FROM tbl2 WHERE col2_1 < 4 AND col2_2 >= 5;
col1_1	col1_2
2	3
3	4
SELECT col1_1, col1_2 FROM tbl1 WHERE col1_2 IN (1, 4, 3) UNION ALL
SELECT col2_1, col2_2 FROM tbl2 WHERE col2_1 < 4 AND col2_2 >= 5 LIMIT 1;
col1_1	col1_2
2	3
SELECT col1_1, col1_2 FROM tbl1 WHERE col1_2 NOT IN (81, 4, 7) UNION
SELECT col2_1, col2_2 FROM tbl2 WHERE col2_1 > 4 AND col2_2 <= 5 UNION ALL
SELECT col1_2, col3_3 FROM tbl3 WHERE col1_1 IS NOT NULL;
col1_1	col1_2
1	2
2	3
2	83
3	84
4	85
SELECT COUNT(DISTINCT SQL_ID) FROM information_schema.COLUMN_STATISTICS
WHERE TABLE_SCHEMA <> 'information_schema';
COUNT(DISTINCT SQL_ID)
5
SELECT cs.SQL_ID, SQL_TEXT, TABLE_SCHEMA, TABLE_NAME, COLUMN_NAME, SQL_OPERATION, OPERATOR_TYPE
FROM information_schema.COLUMN_STATISTICS cs, information_schema.SQL_TEXT mt
WHERE TABLE_SCHEMA <> 'information_schema' AND cs.SQL_ID = mt.SQL_ID
ORDER BY cs.SQL_ID, SQL_TEXT, TABLE_SCHEMA, TABLE_NAME, COLUMN_NAME, SQL_OPERATION, OPERATOR_TYPE;
SQL_ID	4aacafd969155319b6e441c112ea3460
SQL_TEXT	SELECT `col1_1` , `col1_2` FROM `tbl1` WHERE `col1_2` IN (...) UNION ALL SELECT `col2_1` , `col2_2` FROM `tbl2` WHERE `col2_1` < ? AND `col2_2` >= ? LIMIT ? 
TABLE_SCHEMA	cus_test
TABLE_NAME	tbl1
COLUMN_NAME	col1_2
SQL_OPERATION	FILTER
OPERATOR_TYPE	SET_MEMBERSHIP
SQL_ID	4aacafd969155319b6e441c112ea3460
SQL_TEXT	SELECT `col1_1` , `col1_2` FROM `tbl1` WHERE `col1_2` IN (...) UNION ALL SELECT `col2_1` , `col2_2` FROM `tbl2` WHERE `col2_1` < ? AND `col2_2` >= ? LIMIT ? 
TABLE_SCHEMA	cus_test
TABLE_NAME	tbl2
COLUMN_NAME	col2_1
SQL_OPERATION	FILTER
OPERATOR_TYPE	LESS_THAN
SQL_ID	4aacafd969155319b6e441c112ea3460
SQL_TEXT	SELECT `col1_1` , `col1_2` FROM `tbl1` WHERE `col1_2` IN (...) UNION ALL SELECT `col2_1` , `col2_2` FROM `tbl2` WHERE `col2_1` < ? AND `col2_2` >= ? LIMIT ? 
TABLE_SCHEMA	cus_test
TABLE_NAME	tbl2
COLUMN_NAME	col2_2
SQL_OPERATION	FILTER
OPERATOR_TYPE	GREATER_THAN_EQUAL
SQL_ID	7f2c368cb70a4c08e58112db5ec61028
SQL_TEXT	SELECT `col1_1` , `col1_2` FROM `tbl1` WHERE `col1_2` IN (...) UNION SELECT `col2_1` , `col2_2` FROM `tbl2` WHERE `col2_1` > ? AND `col2_2` <= ? 
TABLE_SCHEMA	cus_test
TABLE_NAME	tbl1
COLUMN_NAME	col1_2
SQL_OPERATION	FILTER
OPERATOR_TYPE	SET_MEMBERSHIP
SQL_ID	7f2c368cb70a4c08e58112db5ec61028
SQL_TEXT	SELECT `col1_1` , `col1_2` FROM `tbl1` WHERE `col1_2` IN (...) UNION SELECT `col2_1` , `col2_2` FROM `tbl2` WHERE `col2_1` > ? AND `col2_2` <= ? 
TABLE_SCHEMA	cus_test
TABLE_NAME	tbl2
COLUMN_NAME	col2_1
SQL_OPERATION	FILTER
OPERATOR_TYPE	GREATER_THAN
SQL_ID	7f2c368cb70a4c08e58112db5ec61028
SQL_TEXT	SELECT `col1_1` , `col1_2` FROM `tbl1` WHERE `col1_2` IN (...) UNION SELECT `col2_1` , `col2_2` FROM `tbl2` WHERE `col2_1` > ? AND `col2_2` <= ? 
TABLE_SCHEMA	cus_test
TABLE_NAME	tbl2
COLUMN_NAME	col2_2
SQL_OPERATION	FILTER
OPERATOR_TYPE	LESS_THAN_EQUAL
SQL_ID	a95c2348fa9d42ce12c7fd9beba36d0e
SQL_TEXT	SELECT `col1_1` , `col1_2` FROM `tbl1` WHERE `col1_2` IN (...) UNION ALL SELECT `col2_1` , `col2_2` FROM `tbl2` WHERE `col2_1` < ? AND `col2_2` >= ? 
TABLE_SCHEMA	cus_test
TABLE_NAME	tbl1
COLUMN_NAME	col1_2
SQL_OPERATION	FILTER
OPERATOR_TYPE	SET_MEMBERSHIP
SQL_ID	a95c2348fa9d42ce12c7fd9beba36d0e
SQL_TEXT	SELECT `col1_1` , `col1_2` FROM `tbl1` WHERE `col1_2` IN (...) UNION ALL SELECT `col2_1` , `col2_2` FROM `tbl2` WHERE `col2_1` < ? AND `col2_2` >= ? 
TABLE_SCHEMA	cus_test
TABLE_NAME	tbl2
COLUMN_NAME	col2_1
SQL_OPERATION	FILTER
OPERATOR_TYPE	LESS_THAN
SQL_ID	a95c2348fa9d42ce12c7fd9beba36d0e
SQL_TEXT	SELECT `col1_1` , `col1_2` FROM `tbl1` WHERE `col1_2` IN (...) UNION ALL SELECT `col2_1` , `col2_2` FROM `tbl2` WHERE `col2_1` < ? AND `col2_2` >= ? 
TABLE_SCHEMA	cus_test
TABLE_NAME	tbl2
COLUMN_NAME	col2_2
SQL_OPERATION	FILTER
OPERATOR_TYPE	GREATER_THAN_EQUAL
SQL_ID	b30f358013552343794911d7bc15d9af
SQL_TEXT	SELECT `col1_1` , `col1_2` FROM `tbl1` WHERE `col1_2` NOT IN (...) UNION SELECT `col2_1` , `col2_2` FROM `tbl2` WHERE `col2_1` > ? AND `col2_2` <= ? UNION ALL SELECT `col1_2` , `col3_3` FROM `tbl3` WHERE `col1_1` IS NOT NULL 
TABLE_SCHEMA	cus_test
TABLE_NAME	tbl1
COLUMN_NAME	col1_2
SQL_OPERATION	FILTER
OPERATOR_TYPE	SET_MEMBERSHIP
SQL_ID	b30f358013552343794911d7bc15d9af
SQL_TEXT	SELECT `col1_1` , `col1_2` FROM `tbl1` WHERE `col1_2` NOT IN (...) UNION SELECT `col2_1` , `col2_2` FROM `tbl2` WHERE `col2_1` > ? AND `col2_2` <= ? UNION ALL SELECT `col1_2` , `col3_3` FROM `tbl3` WHERE `col1_1` IS NOT NULL 
TABLE_SCHEMA	cus_test
TABLE_NAME	tbl2
COLUMN_NAME	col2_1
SQL_OPERATION	FILTER
OPERATOR_TYPE	GREATER_THAN
SQL_ID	b30f358013552343794911d7bc15d9af
SQL_TEXT	SELECT `col1_1` , `col1_2` FROM `tbl1` WHERE `col1_2` NOT IN (...) UNION SELECT `col2_1` , `col2_2` FROM `tbl2` WHERE `col2_1` > ? AND `col2_2` <= ? UNION ALL SELECT `col1_2` , `col3_3` FROM `tbl3` WHERE `col1_1` IS NOT NULL 
TABLE_SCHEMA	cus_test
TABLE_NAME	tbl2
COLUMN_NAME	col2_2
SQL_OPERATION	FILTER
OPERATOR_TYPE	LESS_THAN_EQUAL
SQL_ID	b30f358013552343794911d7bc15d9af
SQL_TEXT	SELECT `col1_1` , `col1_2` FROM `tbl1` WHERE `col1_2` NOT IN (...) UNION SELECT `col2_1` , `col2_2` FROM `tbl2` WHERE `col2_1` > ? AND `col2_2` <= ? UNION ALL SELECT `col1_2` , `col3_3` FROM `tbl3` WHERE `col1_1` IS NOT NULL 
TABLE_SCHEMA	cus_test
TABLE_NAME	tbl3
COLUMN_NAME	col1_1
SQL_OPERATION	FILTER
OPERATOR_TYPE	NULL_CHECK
SQL_ID	daec9f71f0b6c7250a74eda18121afd9
SQL_TEXT	SELECT `col1_1` , `col1_2` FROM `tbl1` WHERE `col1_2` IN (...) UNION SELECT `col2_1` , `col2_2` FROM `tbl2` WHERE `col2_1` > ? AND `col2_2` <= ? LIMIT ? 
TABLE_SCHEMA	cus_test
TABLE_NAME	tbl1
COLUMN_NAME	col1_2
SQL_OPERATION	FILTER
OPERATOR_TYPE	SET_MEMBERSHIP
SQL_ID	daec9f71f0b6c7250a74eda18121afd9
SQL_TEXT	SELECT `col1_1` , `col1_2` FROM `tbl1` WHERE `col1_2` IN (...) UNION SELECT `col2_1` , `col2_2` FROM `tbl2` WHERE `col2_1` > ? AND `col2_2` <= ? LIMIT ? 
TABLE_SCHEMA	cus_test
TABLE_NAME	tbl2
COLUMN_NAME	col2_1
SQL_OPERATION	FILTER
OPERATOR_TYPE	GREATER_THAN
SQL_ID	daec9f71f0b6c7250a74eda18121afd9
SQL_TEXT	SELECT `col1_1` , `col1_2` FROM `tbl1` WHERE `col1_2` IN (...) UNION SELECT `col2_1` , `col2_2` FROM `tbl2` WHERE `col2_1` > ? AND `col2_2` <= ? LIMIT ? 
TABLE_SCHEMA	cus_test
TABLE_NAME	tbl2
COLUMN_NAME	col2_2
SQL_OPERATION	FILTER
OPERATOR_TYPE	LESS_THAN_EQUAL
set global column_stats_control = OFF_HARD;
set global sql_stats_control = OFF_HARD;
DROP TABLE tbl1;
DROP TABLE tbl2;
DROP TABLE tbl3;
DROP DATABASE cus_test;
